Workbook

Sheet Benchmarks
A1: GWP Benchmarks
A2: Concept
A7: Benchmark values
B10: Whole Life Cycle Benchmarks | N10: Benchmark for operational emissions | W10: Method, references and assumptions | AE10: Benchmark for embodied emissions | AO10: Method, references and assumptions
B11: WLC emissions [kg CO2e/(m2·a)] | D11: a | E11: b | F11: c | G11: d | H11: e | I11: f | J11: g | N11: Operational GHG emissions in kg CO2äq/(m2 · a) | P11: a | Q11: b | R11: c | S11: d | T11: e | U11: f | V11: g | W11: a | X11: b | Y11: c | Z11: d | AA11: e | AB11: f | AC11: g | AE11: Embodied GHG emissions in kg CO2äq/(m2 · a) | AG11: Remarks | AH11: a | AI11: b | AJ11: c | AK11: d | AL11: e | AM11: f | AN11: g | AO11: a | AP11: b | AQ11: c | AR11: d | AS11: e | AT11: f | AU11: g
B12: residential | C12: Single- and two-family houses | D12: =IF(OR(ISBLANK(P12),ISBLANK(AH12)),"",P12+AH12) -> 0 | E12: =IF(OR(ISBLANK(Q12),ISBLANK(AI12)),"",Q12+AI12) -> 7.56 | F12: =IF(OR(ISBLANK(R12),ISBLANK(AJ12)),"",R12+AJ12) -> 10.8 | G12: =AVERAGE(F12,H12) -> 27.370178 | H12: =IF(OR(ISBLANK(T12),ISBLANK(AL12)),"",T12+AL12) -> 43.940357 | I12: =AVERAGE(H12,J12) -> 52.641086 | J12: =IF(OR(ISBLANK(V12),ISBLANK(AN12)),"",V12+AN12) -> 61.341816 | N12: residential | O12: Single- and two-family houses | P12: 0 | Q12: =targets!E6 -> 2.16 | R12: =targets!E5 -> 3.24 | S12: =AVERAGE(R12,T12) -> 18.625168 | T12: =op_res!H26 -> 34.010336 | U12: =AVERAGE(T12,V12) -> 41.074319 | V12: =op_res!W5 -> 48.138302 | W12: 0 as a theoretical, ideal target | X12: Ambitious target value from SIA 390 [3], averaged for new constructions and renovations, and harmonized for RSP and gross floor area | Y12: Standard target value from SIA 390 [3], averaged for new constructions and renovations, and harmonized for RSP and gross floor area | Z12: Interpolation: average of c and e values | AA12: Derived from [1] and own calculations | AB12: Interpolation: average of e and g values | AC12: Derived from [1] and own calculations, under the assumption that the limit value is represented by buildings of the oldest building age class (<1978) and heated with heating oil | AE12: residential | AF12: Single- and two-family houses | AH12: 0 | AI12: =targets!D6 -> 5.4 | AJ12: =targets!D5 -> 7.56 | AK12: =AVERAGE(AJ12,AL12) -> 8.7450105 | AL12: =AVERAGE('emb_res_non-res'!H6,'emb_res_non-res'!H8,'emb_res_non-res'!H9) -> 9.930021 | AM12: =AVERAGE(AL12,AN12) -> 11.566767 | AN12: =AVERAGE('emb_res_non-res'!I6,'emb_res_non-res'!I8,'emb_res_non-res'!I9) -> 13.203514 | AO12: 0 as a theoretical, ideal target | AP12: Ambitious target value for residential buildings from SIA 390 [3], averaged for new constructions and renovations, and harmonized for RSP and gross floor area | AQ12: Standard target value for residential buildings from SIA 390 [3], averaged for new constructions and renovations, and harmonized for RSP and gross floor area | AR12: Interpolation: average of c and e values | AS12: Average of the values from the categories "Single Family House", "Row House" an "Semi-Detached Houses" from the study from Röck et al 2022 - "Towards embodied carbon benchmarks for buildings in Europe" [4] | AT12: Interpolation: average of e and g values | AU12: Average of the maximum values from the categories "Single Family House", "Row House" an "Semi-Detached Houses"from the study from Röck et al 2022 - "Towards embodied carbon benchmarks for buildings in Europe" [4]
C13: Multi-family houses | D13: =IF(OR(ISBLANK(P13),ISBLANK(AH13)),"",P13+AH13) -> 0 | E13: =IF(OR(ISBLANK(Q13),ISBLANK(AI13)),"",Q13+AI13) -> 7.56 | F13: =IF(OR(ISBLANK(R13),ISBLANK(AJ13)),"",R13+AJ13) -> 10.8 | G13: =AVERAGE(F13,H13) -> 25.085153 | H13: =IF(OR(ISBLANK(T13),ISBLANK(AL13)),"",T13+AL13) -> 39.370307 | I13: =AVERAGE(H13,J13) -> 46.893602 | J13: =IF(OR(ISBLANK(V13),ISBLANK(AN13)),"",V13+AN13) -> 54.416896 | O13: Multi-family houses | P13: 0 | Q13: =targets!E6 -> 2.16 | R13: =targets!E5 -> 3.24 | S13: =AVERAGE(R13,T13) -> 14.877472 | T13: =op_res!I26 -> 26.514943 | U13: =AVERAGE(T13,V13) -> 30.666298 | V13: =op_res!W8 -> 34.817652 | W13: 0 as a theoretical, ideal target | X13: Ambitious target value for residential buildings from SIA 390 [3] | Y13: Standard target value for residential buildings from SIA 390 [3] | Z13: Interpolation: average of c and e values | AA13: Derived from [1] and own calculations | AB13: Interpolation: average of e and g values | AC13: Derived from [1] and own calculations, under the assumption that the limit value is represented by buildings of the oldest building age class (<1978) and heated with heating oil | AF13: Multi-family houses | AH13: 0 | AI13: =targets!D6 -> 5.4 | AJ13: =targets!D5 -> 7.56 | AK13: =AVERAGE(AJ13,AL13) -> 10.207682 | AL13: ='emb_res_non-res'!H7 -> 12.855364 | AM13: =AVERAGE(AL13,AN13) -> 16.227304 | AN13: ='emb_res_non-res'!I7 -> 19.599244 | AO13: 0 as a theoretical, ideal target | AP13: Ambitious target value for residential buildings from SIA 390 [3], averaged for new constructions and renovations, and harmonized for RSP and gross floor area | AQ13: Standard target value for residential buildings from SIA 390 [3], averaged for new constructions and renovations, and harmonized for RSP and gross floor area | AR13: Interpolation: average of c and e values | AS13: Average value from the category "Multi family house" from the study from Röck et al 2022 - "Towards embodied carbon benchmarks for buildings in Europe" [4] | AT13: Interpolation: average of e and g values | AU13: maximum value from the category "Multi Family House" from the study from Röck et al 2022 - "Towards embodied carbon benchmarks for buildings in Europe" [4]
B14: non-residential | C14: Office, Administrative or Government Buildings | D14: =IF(OR(ISBLANK(P14),ISBLANK(AH14)),"",P14+AH14) -> 0 | E14: =IF(OR(ISBLANK(Q14),ISBLANK(AI14)),"",Q14+AI14) -> 8.64 | F14: =IF(OR(ISBLANK(R14),ISBLANK(AJ14)),"",R14+AJ14) -> 11.88 | G14: =AVERAGE(F14,H14) -> 31.436714 | H14: =IF(OR(ISBLANK(T14),ISBLANK(AL14)),"",T14+AL14) -> 50.993428 | I14: =AVERAGE(H14,J14) -> 74.997541 | J14: =IF(OR(ISBLANK(V14),ISBLANK(AN14)),"",V14+AN14) -> 99.001654 | N14: non-residential | O14: Office, Administrative or Government Buildings | P14: 0 | Q14: =targets!E8 -> 3.24 | R14: =targets!E7 -> 4.32 | S14: =AVERAGE(R14,T14) -> 21.922062 | T14: ='op_non-res'!C7 -> 39.524125 | U14: =AVERAGE(T14,V14) -> 60.266382 | V14: ='op_non-res'!F7 -> 81.00864 | W14: 0 as a theoretical, ideal target | X14: Ambitious target value for office buildings from SIA 390 [3] | Y14: Standard target value for office buildings from SIA 390 [3] | Z14: Interpolation: average of c and e values | AA14: Derived from [2] and own calcualtions | AB14: Interpolation: average of e and g values | AC14: Derived from [2] and own calcualtions | AE14: non-residential | AF14: Office, Administrative or Government Buildings | AH14: 0 | AI14: =targets!D8 -> 5.4 | AJ14: =targets!D7 -> 7.56 | AK14: =AVERAGE(AJ14,AL14) -> 9.5146515 | AL14: ='emb_res_non-res'!H10 -> 11.469303 | AM14: =AVERAGE(AL14,AN14) -> 14.731159 | AN14: ='emb_res_non-res'!I10 -> 17.993015 | AO14: 0 as a theoretical, ideal target | AP14: Ambitious target value for office builsings from SIA 390 [3], averaged for new constructions and renovations, and harmonized for RSP and gross floor area | AQ14: Standard target value for office builsings from SIA 390 [3], averaged for new constructions and renovations, and harmonized for RSP and gross floor area | AR14: Interpolation: average of c and e values | AS14: Average value from the category "Office" from the study from Röck et al 2022 - "Towards embodied carbon benchmarks for buildings in Europe" [4] | AT14: Interpolation: average of e and g values | AU14: maximum value from the category "Office" from the study from Röck et al 2022 - "Towards embodied carbon benchmarks for buildings in Europe" [4]
C15: Buildings for Research and University Teaching | D15: =IF(OR(ISBLANK(P15),ISBLANK(AH15)),"",P15+AH15) -> 0 | E15: =IF(OR(ISBLANK(Q15),ISBLANK(AI15)),"",Q15+AI15) -> 8.1 | F15: =IF(OR(ISBLANK(R15),ISBLANK(AJ15)),"",R15+AJ15) -> 11.34 | G15: =AVERAGE(F15,H15) -> 38.982122 | H15: =IF(OR(ISBLANK(T15),ISBLANK(AL15)),"",T15+AL15) -> 66.624243 | I15: =AVERAGE(H15,J15) -> 105.02323 | J15: =IF(OR(ISBLANK(V15),ISBLANK(AN15)),"",V15+AN15) -> 143.42222 | O15: Buildings for Research and University Teaching | P15: 0 | Q15: =AVERAGE(targets!E8,targets!E10,targets!E12,targets!E14) -> 2.7 | R15: =AVERAGE(targets!E7,targets!E9,targets!E11,targets!E13) -> 3.78 | S15: =AVERAGE(R15,T15) -> 28.86909 | T15: ='op_non-res'!C9 -> 53.958179 | U15: =AVERAGE(T15,V15) -> 87.484905 | V15: ='op_non-res'!F9 -> 121.01163 | W15: 0 as a theoretical, ideal target | X15: No target value available in the literature for this building type -> Assumption: Average ambitious target value of office buildings and schools from SIA 390 [3] | Y15: No target value available in the literature for this building type -> Assumption: Average standard target value of office buildings and schools from SIA 390 [3] | Z15: Interpolation: average of c and e values | AA15: Derived from [2] and own calcualtions | AB15: Interpolation: average of e and g values | AC15: Derived from [2] and own calcualtions | AF15: Buildings for Research and University Teaching | AH15: 0 | AI15: =AI14 -> 5.4 | AJ15: =AJ14 -> 7.56 | AK15: =AVERAGE(AJ15,AL15) -> 10.113032 | AL15: =AVERAGE(AL17,AL14) -> 12.666064 | AM15: =AVERAGE(AL15,AN15) -> 17.538326 | AN15: =AVERAGE(AN17,AN14) -> 22.410587 | AO15: 0 as a theoretical, ideal target | AP15: No target value available in the literature for this building type -> Assumption: Same ambitious target value as the other non-residential buildings from SIA 390 [3] | AQ15: No target value available in the literature for this building type -> Assumption: Same standard target value as the other non-residential buildings from SIA 390 [3] | AR15: Interpolation: average of c and e values | AS15: No value available in the study from Röck et al. 2022 [4] -> Assumption: Average of the values of "Office" and "School" | AT15: Interpolation: average of e and g values | AU15: No value available in the study from Röck et al. 2022 [4] -> Assumption: Average of the maximum values of "Office" and "School"
C16: Buildings for Health and Care | D16: =IF(OR(ISBLANK(P16),ISBLANK(AH16)),"",P16+AH16) -> 0 | E16: =IF(OR(ISBLANK(Q16),ISBLANK(AI16)),"",Q16+AI16) -> 11.88 | F16: =IF(OR(ISBLANK(R16),ISBLANK(AJ16)),"",R16+AJ16) -> 16.2 | G16: =AVERAGE(F16,H16) -> 44.048705 | H16: =IF(OR(ISBLANK(T16),ISBLANK(AL16)),"",T16+AL16) -> 71.897411 | I16: =AVERAGE(H16,J16) -> 104.83455 | J16: =IF(OR(ISBLANK(V16),ISBLANK(AN16)),"",V16+AN16) -> 137.77169 | O16: Buildings for Health and Care | P16: 0 | Q16: =targets!E20 -> 6.48 | R16: =targets!E19 -> 8.64 | S16: =AVERAGE(R16,T16) -> 32.483828 | T16: ='op_non-res'!C6 -> 56.327656 | U16: =AVERAGE(T16,V16) -> 86.449309 | V16: ='op_non-res'!F6 -> 116.57096 | W16: 0 as a theoretical, ideal target | X16: No target value available in the literature for this building type -> Assumption: Ambitious target value similar to the ones for restaurants from SIA 390 [3] | Y16: No target value available in the literature for this building type -> Assumption: Standard target value similar to the ones for restaurants from SIA 390 [3] | Z16: Interpolation: average of c and e values | AA16: Derived from [2] and own calcualtions | AB16: Interpolation: average of e and g values | AC16: Derived from [2] and own calcualtions | AF16: Buildings for Health and Care | AG16: few data available | AH16: 0 | AI16: =AI14 -> 5.4 | AJ16: =AJ14 -> 7.56 | AK16: =AVERAGE(AJ16,AL16) -> 11.564878 | AL16: ='emb_res_non-res'!H11 -> 15.569755 | AM16: =AVERAGE(AL16,AN16) -> 18.385241 | AN16: ='emb_res_non-res'!I11 -> 21.200727 | AO16: 0 as a theoretical, ideal target | AP16: No target value available in the literature for this building type -> Assumption: Same ambitious target value as the other non-residential buildings from SIA 390 [3] | AQ16: No target value available in the literature for this building type -> Assumption: Same standard target value as the other non-residential buildings from SIA 390 [3] | AR16: Interpolation: average of c and e values | AS16: Average value from the category "Hospital and Health" from the study from Röck et al 2022 - "Towards embodied carbon benchmarks for buildings in Europe" [4] | AT16: Interpolation: average of e and g values | AU16: maximum value from the category "Hospital and Health" from the study from Röck et al 2022 - "Towards embodied carbon benchmarks for buildings in Europe" [4]
C17: School, Day Nursery and other Care Buildings | D17: =IF(OR(ISBLANK(P17),ISBLANK(AH17)),"",P17+AH17) -> 0 | E17: =IF(OR(ISBLANK(Q17),ISBLANK(AI17)),"",Q17+AI17) -> 7.92 | F17: =IF(OR(ISBLANK(R17),ISBLANK(AJ17)),"",R17+AJ17) -> 11.16 | G17: =AVERAGE(F17,H17) -> 35.17547 | H17: =IF(OR(ISBLANK(T17),ISBLANK(AL17)),"",T17+AL17) -> 59.190939 | I17: =AVERAGE(H17,J17) -> 86.752507 | J17: =IF(OR(ISBLANK(V17),ISBLANK(AN17)),"",V17+AN17) -> 114.31408 | O17: School, Day Nursery and other Care Buildings | P17: 0 | Q17: =AVERAGE(targets!E10,targets!E12,targets!E14) -> 2.52 | R17: =AVERAGE(targets!E9,targets!E11,targets!E13) -> 3.6 | S17: =AVERAGE(R17,T17) -> 24.464057 | T17: ='op_non-res'!C11 -> 45.328114 | U17: =AVERAGE(T17,V17) -> 66.407015 | V17: ='op_non-res'!F11 -> 87.485916 | W17: 0 as a theoretical, ideal target | X17: Ambitious target value for schools from SIA 390 [3] (average of 3 types of schools) | Y17: Standard target value for schools from SIA 390 [3] (average of 3 types of schools) | Z17: Interpolation: average of c and e values | AA17: Derived from [2] and own calcualtions | AB17: Interpolation: average of e and g values | AC17: Derived from [2] and own calcualtions | AF17: School, Day Nursery and other Care Buildings | AH17: 0 | AI17: =AVERAGE(targets!D10,targets!D12,targets!D14) -> 5.4 | AJ17: =AVERAGE(targets!D9,targets!D11,targets!D13) -> 7.56 | AK17: =AVERAGE(AJ17,AL17) -> 10.711413 | AL17: ='emb_res_non-res'!H12 -> 13.862825 | AM17: =AVERAGE(AL17,AN17) -> 20.345493 | AN17: ='emb_res_non-res'!I12 -> 26.82816 | AO17: 0 as a theoretical, ideal target | AP17: Ambitious target value from SIA 390 [3] for schools, averaged for new constructions and renovations, and harmonized for RSP and gross floor area | AQ17: Standard target value from SIA 390 [3] for schools, averaged for new constructions and renovations, and harmonized for RSP and gross floor area | AR17: Interpolation: average of c and e values | AS17: Average value from the category "School and Daycare" from the study from Röck et al 2022 - "Towards embodied carbon benchmarks for buildings in Europe" [4] | AT17: Interpolation: average of e and g values | AU17: maximum value from the category "School and Daycare" from the study from Röck et al 2022 - "Towards embodied carbon benchmarks for buildings in Europe" [4]
C18: Buildings for Culture and Leisure | D18: =IF(OR(ISBLANK(P18),ISBLANK(AH18)),"",P18+AH18) -> 0 | E18: =IF(OR(ISBLANK(Q18),ISBLANK(AI18)),"",Q18+AI18) -> 7.92 | F18: =IF(OR(ISBLANK(R18),ISBLANK(AJ18)),"",R18+AJ18) -> 11.16 | G18: =AVERAGE(F18,H18) -> 42.816793 | H18: =IF(OR(ISBLANK(T18),ISBLANK(AL18)),"",T18+AL18) -> 74.473587 | I18: =AVERAGE(H18,J18) -> 134.27302 | J18: =IF(OR(ISBLANK(V18),ISBLANK(AN18)),"",V18+AN18) -> 194.07246 | O18: Buildings for Culture and Leisure | P18: 0 | Q18: =Q17 -> 2.52 | R18: =R17 -> 3.6 | S18: =AVERAGE(R18,T18) -> 32.105381 | T18: ='op_non-res'!C5 -> 60.610761 | U18: =AVERAGE(T18,V18) -> 113.92753 | V18: ='op_non-res'!F5 -> 167.2443 | W18: 0 as a theoretical, ideal target | X18: No target value available in the literature for this building type -> Assumption: similar ambitious value as for schools | Y18: No target value available in the literature for this building type -> Assumption: similar standard value as for schools | Z18: Interpolation: average of c and e values | AA18: Derived from [2] and own calcualtions | AB18: Interpolation: average of e and g values | AC18: Derived from [2] and own calcualtions | AF18: Buildings for Culture and Leisure | AG18: few data available | AH18: 0 | AI18: =AI14 -> 5.4 | AJ18: =AJ14 -> 7.56 | AK18: =AVERAGE(AJ18,AL18) -> 10.711413 | AL18: =AL17 -> 13.862825 | AM18: =AVERAGE(AL18,AN18) -> 20.345493 | AN18: =AN17 -> 26.82816 | AO18: 0 as a theoretical, ideal target | AP18: No target value available in the literature for this building type -> Assumption: Same ambitious target value as the other non-residential buildings from SIA 390 [3] | AQ18: No target value available in the literature for this building type -> Assumption: Same standard target value as the other non-residential buildings from SIA 390 [3] | AR18: Interpolation: average of c and e values | AS18: Although the category "Art and Culture" was analysed in the study by Röck et al 2022 [4], too few datapoints are available -> assumption: value similar to "School and Daycare" | AT18: Interpolation: average of e and g values | AU18: Although the category "Art and Culture" was analysed in the study by Röck et al 2022 [4], too few datapoints are available -> assumption: value similar to "School and Daycare"
C19: Sports Facilities | D19: =IF(OR(ISBLANK(P19),ISBLANK(AH19)),"",P19+AH19) -> 0 | E19: =IF(OR(ISBLANK(Q19),ISBLANK(AI19)),"",Q19+AI19) -> 7.92 | F19: =IF(OR(ISBLANK(R19),ISBLANK(AJ19)),"",R19+AJ19) -> 11.16 | G19: =AVERAGE(F19,H19) -> 32.965988 | H19: =IF(OR(ISBLANK(T19),ISBLANK(AL19)),"",T19+AL19) -> 54.771975 | I19: =AVERAGE(H19,J19) -> 77.083601 | J19: =IF(OR(ISBLANK(V19),ISBLANK(AN19)),"",V19+AN19) -> 99.395227 | O19: Sports Facilities | P19: 0 | Q19: =Q17 -> 2.52 | R19: =R17 -> 3.6 | S19: =AVERAGE(R19,T19) -> 21.358439 | T19: ='op_non-res'!C10 -> 39.116877 | U19: =AVERAGE(T19,V19) -> 59.168699 | V19: ='op_non-res'!F10 -> 79.220521 | W19: 0 as a theoretical, ideal target | X19: No target value available in the literature for this building type -> Assumption: similar ambitious value as for schools | Y19: No target value available in the literature for this building type -> Assumption: similar standard value as for schools | Z19: Interpolation: average of c and e values | AA19: Derived from [2] and own calcualtions | AB19: Interpolation: average of e and g values | AC19: Derived from [2] and own calcualtions | AF19: Sports Facilities | AG19: few data available | AH19: 0 | AI19: =AI14 -> 5.4 | AJ19: =AJ14 -> 7.56 | AK19: =AVERAGE(AJ19,AL19) -> 11.607549 | AL19: ='emb_res_non-res'!H13 -> 15.655098 | AM19: =AVERAGE(AL19,AN19) -> 17.914902 | AN19: ='emb_res_non-res'!I13 -> 20.174706 | AO19: 0 as a theoretical, ideal target | AP19: No target value available in the literature for this building type -> Assumption: Same ambitious target value as the other non-residential buildings from SIA 390 [3] | AQ19: No target value available in the literature for this building type -> Assumption: Same standard target value as the other non-residential buildings from SIA 390 [3] | AR19: Interpolation: average of c and e values | AS19: Average value from the category "Sport and Entertainment" from the study from Röck et al 2022 - "Towards embodied carbon benchmarks for buildings in Europe" [4] | AT19: Interpolation: average of e and g values | AU19: maximum value from the category "Sport and Entertainment" from the study from Röck et al 2022 - "Towards embodied carbon benchmarks for buildings in Europe" [4]
C20: Hotels, Boarding, Restaurants or Catering | D20: =IF(OR(ISBLANK(P20),ISBLANK(AH20)),"",P20+AH20) -> 0 | E20: =IF(OR(ISBLANK(Q20),ISBLANK(AI20)),"",Q20+AI20) -> 11.88 | F20: =IF(OR(ISBLANK(R20),ISBLANK(AJ20)),"",R20+AJ20) -> 16.2 | G20: =AVERAGE(F20,H20) -> 48.880082 | H20: =IF(OR(ISBLANK(T20),ISBLANK(AL20)),"",T20+AL20) -> 81.560163 | I20: =AVERAGE(H20,J20) -> 131.43871 | J20: =IF(OR(ISBLANK(V20),ISBLANK(AN20)),"",V20+AN20) -> 181.31726 | O20: Hotels, Boarding, Restaurants or Catering | P20: 0 | Q20: =targets!E20 -> 6.48 | R20: =targets!E19 -> 8.64 | S20: =AVERAGE(R20,T20) -> 37.315204 | T20: ='op_non-res'!C4 -> 65.990408 | U20: =AVERAGE(T20,V20) -> 113.05347 | V20: ='op_non-res'!F4 -> 160.11653 | W20: 0 as a theoretical, ideal target | X20: Ambitious target value for restaurants from SIA 390 [3] | Y20: Standard target value for restaurants from SIA 390 [3] | Z20: Interpolation: average of c and e values | AA20: Derived from [2] and own calcualtions | AB20: Interpolation: average of e and g values | AC20: Derived from [2] and own calcualtions | AF20: Hotels, Boarding, Restaurants or Catering | AG20: few data available | AH20: 0 | AI20: =targets!D20 -> 5.4 | AJ20: =targets!D19 -> 7.56 | AK20: =AVERAGE(AJ20,AL20) -> 11.564878 | AL20: =AL16 -> 15.569755 | AM20: =AVERAGE(AL20,AN20) -> 18.385241 | AN20: =AN16 -> 21.200727 | AO20: 0 as a theoretical, ideal target | AP20: Ambitious target value from SIA 390 [3] for restaurants, averaged for new constructions and renovations, and harmonized for RSP and gross floor area | AQ20: Standard target value from SIA 390 [3] for restaurants, averaged for new constructions and renovations, and harmonized for RSP and gross floor area | AR20: Interpolation: average of c and e values | AS20: Although the category "Hotel and resort" was analysed in hte study by Röck et al 2022 [4], too few datapoints are available and the average is already very close to the target value -> assumption: value similar to average of "Health and Care" | AT20: Interpolation: average of e and g values | AU20: Although the category "Hotel and resort" was analysed in the study by Röck et al 2022 [4], too few datapoints are available -> assumption: value similar to "health and care"
C21: Trade Buildings | D21: =IF(OR(ISBLANK(P21),ISBLANK(AH21)),"",P21+AH21) -> 0 | E21: =IF(OR(ISBLANK(Q21),ISBLANK(AI21)),"",Q21+AI21) -> 8.64 | F21: =IF(OR(ISBLANK(R21),ISBLANK(AJ21)),"",R21+AJ21) -> 14.04 | G21: =AVERAGE(F21,H21) -> 33.251171 | H21: =IF(OR(ISBLANK(T21),ISBLANK(AL21)),"",T21+AL21) -> 52.462341 | I21: =AVERAGE(H21,J21) -> 75.184457 | J21: =IF(OR(ISBLANK(V21),ISBLANK(AN21)),"",V21+AN21) -> 97.906572 | O21: Trade Buildings | P21: 0 | Q21: =targets!E16 -> 3.24 | R21: =targets!E15 -> 6.48 | S21: =AVERAGE(R21,T21) -> 23.934957 | T21: ='op_non-res'!C13 -> 41.389914 | U21: =AVERAGE(T21,V21) -> 62.746479 | V21: ='op_non-res'!F13 -> 84.103043 | W21: 0 as a theoretical, ideal target | X21: Ambitious target value for trade buildings from SIA 390 [3] | Y21: Standard target value for trade buildings from SIA 390 [3] | Z21: Interpolation: average of c and e values | AA21: Derived from [2] and own calcualtions | AB21: Interpolation: average of e and g values | AC21: Derived from [2] and own calcualtions | AF21: Trade Buildings | AH21: 0 | AI21: =targets!D16 -> 5.4 | AJ21: =targets!D15 -> 7.56 | AK21: =AVERAGE(AJ21,AL21) -> 9.3162137 | AL21: ='emb_res_non-res'!H15 -> 11.072427 | AM21: =AVERAGE(AL21,AN21) -> 12.437978 | AN21: ='emb_res_non-res'!I15 -> 13.803529 | AO21: 0 as a theoretical, ideal target | AP21: Ambitious target value from SIA 390 [3] for trade buildings, averaged for new constructions and renovations, and harmonized for RSP and gross floor area | AQ21: Standard target value from SIA 390 [3] for trade buildings, averaged for new constructions and renovations, and harmonized for RSP and gross floor area | AR21: Interpolation: average of c and e values | AS21: Average value from the category "Retail and Restaurant" from the study from Röck et al 2022 - "Towards embodied carbon benchmarks for buildings in Europe" [4] | AT21: Interpolation: average of e and g values | AU21: maximum value from the category "Retail and Restaurant" from the study from Röck et al 2022 - "Towards embodied carbon benchmarks for buildings in Europe" [4]
C22: Production, Workshop, Warehouse or Operations | D22: =IF(OR(ISBLANK(P22),ISBLANK(AH22)),"",P22+AH22) -> 0 | E22: =IF(OR(ISBLANK(Q22),ISBLANK(AI22)),"",Q22+AI22) -> 8.64 | F22: =IF(OR(ISBLANK(R22),ISBLANK(AJ22)),"",R22+AJ22) -> 11.88 | G22: =AVERAGE(F22,H22) -> 44.762227 | H22: =IF(OR(ISBLANK(T22),ISBLANK(AL22)),"",T22+AL22) -> 77.644455 | I22: =AVERAGE(H22,J22) -> 126.5247 | J22: =IF(OR(ISBLANK(V22),ISBLANK(AN22)),"",V22+AN22) -> 175.40495 | O22: Production, Workshop, Warehouse or Operations | P22: 0 | Q22: =Q14 -> 3.24 | R22: =R14 -> 4.32 | S22: =AVERAGE(R22,T22) -> 35.446014 | T22: ='op_non-res'!C8 -> 66.572027 | U22: =AVERAGE(T22,V22) -> 114.08673 | V22: ='op_non-res'!F8 -> 161.60142 | W22: 0 as a theoretical, ideal target | X22: No target value available in the literature for this building type -> Assumption: similar to office buildings | Y22: No target value available in the literature for this building type -> Assumption: similar to office buildings | Z22: Interpolation: average of c and e values | AA22: Derived from [2] and own calcualtions | AB22: Interpolation: average of e and g values | AC22: Derived from [2] and own calcualtions | AF22: Production, Workshop, Warehouse or Operations | AH22: =AH21 -> 0 | AI22: =AI14 -> 5.4 | AJ22: =AJ14 -> 7.56 | AK22: =AVERAGE(AJ22,AL22) -> 9.3162137 | AL22: =AL21 -> 11.072427 | AM22: =AVERAGE(AL22,AN22) -> 12.437978 | AN22: =AN21 -> 13.803529 | AO22: 0 as a theoretical, ideal target | AP22: No target value available in the literature for this building type -> Assumption: Same ambitious target value as the other non-residential buildings from SIA 390 [3] | AQ22: No target value available in the literature for this building type -> Assumption: Same standard target value as the other non-residential buildings from SIA 390 [3] | AR22: Interpolation: average of c and e values | AS22: No value available in the study from Röck et al. 2022 [4] for this category -> Assumption: similar average value as for "Trade Buildings -> Similarities between Production buildings and trade buildings: large rooms, similar lighting and equipment | AT22: Interpolation: average of e and g values | AU22: No value available in the study from Röck et al. 2022 [4] for this category -> Assumption: smilar value as for trade buildings -> Similarities between Production buildings and trade buildings: large rooms, similar lighting and equipment
C23: Technical and Utility Buildings (supply and disposal) | D23: =IF(OR(ISBLANK(P23),ISBLANK(AH23)),"",P23+AH23) -> 0 | E23: =IF(OR(ISBLANK(Q23),ISBLANK(AI23)),"",Q23+AI23) -> 8.64 | F23: =IF(OR(ISBLANK(R23),ISBLANK(AJ23)),"",R23+AJ23) -> 11.88 | G23: =AVERAGE(F23,H23) -> 34.64843 | H23: =IF(OR(ISBLANK(T23),ISBLANK(AL23)),"",T23+AL23) -> 57.41686 | I23: =AVERAGE(H23,J23) -> 80.649306 | J23: =IF(OR(ISBLANK(V23),ISBLANK(AN23)),"",V23+AN23) -> 103.88175 | O23: Technical and Utility Buildings (supply and disposal) | P23: 0 | Q23: =Q14 -> 3.24 | R23: =R14 -> 4.32 | S23: =AVERAGE(R23,T23) -> 25.332217 | T23: ='op_non-res'!C12 -> 46.344433 | U23: =AVERAGE(T23,V23) -> 68.211328 | V23: ='op_non-res'!F12 -> 90.078222 | W23: 0 as a theoretical, ideal target | X23: No target value available in the literature for this building type -> Assumption: similar to office buildings | Y23: No target value available in the literature for this building type -> Assumption: similar to office buildings | Z23: Interpolation: average of c and e values | AA23: Derived from [2] and own calcualtions | AB23: Interpolation: average of e and g values | AC23: Derived from [2] and own calcualtions | AF23: Technical and Utility Buildings (supply and disposal) | AH23: =AH22 -> 0 | AI23: =AI14 -> 5.4 | AJ23: =AJ14 -> 7.56 | AK23: =AVERAGE(AJ23,AL23) -> 9.3162137 | AL23: =AL22 -> 11.072427 | AM23: =AVERAGE(AL23,AN23) -> 12.437978 | AN23: =AN22 -> 13.803529 | AO23: 0 as a theoretical, ideal target | AP23: No target value available in the literature for this building type -> Assumption: Same ambitious target value as the other non-residential buildings from SIA 390 [3] | AQ23: No target value available in the literature for this building type -> Assumption: Same standard target value as the other non-residential buildings from SIA 390 [3] | AR23: Interpolation: average of c and e values | AS23: No value available in the study from Röck et al. 2022 [4] for this category -> Assumption: Similar average value to "Production buildings" -> Similarities between Production buildings and technical buildings: large rooms, similar lighting | AT23: Interpolation: average of e and g values | AU23: No value available in the study from Röck et al. 2022 [4] for this category -> Assumption: Average emissions similar to Production buildings -> Similarities between Production buildings and technical buildings: large rooms, similar lighting
C24: Transport Buildings | D24: =IF(OR(ISBLANK(P24),ISBLANK(AH24)),"",P24+AH24) -> 0 | E24: =IF(OR(ISBLANK(Q24),ISBLANK(AI24)),"",Q24+AI24) -> 8.64 | F24: =IF(OR(ISBLANK(R24),ISBLANK(AJ24)),"",R24+AJ24) -> 11.88 | G24: =AVERAGE(F24,H24) -> 40.005278 | H24: =IF(OR(ISBLANK(T24),ISBLANK(AL24)),"",T24+AL24) -> 68.130556 | I24: =AVERAGE(H24,J24) -> 95.780546 | J24: =IF(OR(ISBLANK(V24),ISBLANK(AN24)),"",V24+AN24) -> 123.43054 | O24: Transport Buildings | P24: 0 | Q24: =Q14 -> 3.24 | R24: =R14 -> 4.32 | S24: =AVERAGE(R24,T24) -> 25.152851 | T24: ='op_non-res'!C14 -> 45.985702 | U24: =AVERAGE(T24,V24) -> 70.90459 | V24: ='op_non-res'!F14 -> 95.823478 | W24: 0 as a theoretical, ideal target | X24: No target value available in the literature for this building type -> Assumption: similar to office buildings | Y24: No target value available in the literature for this building type -> Assumption: similar to office buildings | Z24: Interpolation: average of c and e values | AA24: Derived from [2] and own calcualtions | AB24: Interpolation: average of e and g values | AC24: Derived from [2] and own calcualtions | AF24: Transport Buildings | AH24: =AH23 -> 0 | AI24: =AI14 -> 5.4 | AJ24: =AJ14 -> 7.56 | AK24: =AVERAGE(AJ24,AL24) -> 14.852427 | AL24: =AL21*2 -> 22.144855 | AM24: =AVERAGE(AL24,AN24) -> 24.875956 | AN24: =AN21*2 -> 27.607058 | AO24: 0 as a theoretical, ideal target | AP24: No target value available in the literature for this building type -> Assumption: Same ambitious target value as the other non-residential buildings from SIA 390 [3] | AQ24: No target value available in the literature for this building type -> Assumption: Same standard target value as the other non-residential buildings from SIA 390 [3] | AR24: Interpolation: average of c and e values | AS24: No value available in the study from Röck et al. 2022 [4] for this category -> Assumption: the average emissions of "Trade Buildings" were taken as a reference and doubled, to take into account the higher structural requirements of transport buildings (e.g. for parking garages) | AT24: Interpolation: average of e and g values | AU24: No value available in the study from Röck et al. 2022 [4] for this category -> Assumption: the emissions of trade buildings were taken as a reference and doubled, to take into account the higher structural requirements of transport buildings (e.g. for parking garages)
X26: Legend | Z26: References
X27: Literature data | Z27: [1] | AA27: Stein, B., Loga, T., Müller, A., 2025. Repräsentative Typgebäude als Erweiterung der deutschen Wohngebäudetypologie. Schlussbericht. Zenodo. https://doi.org/10.5281/ZENODO.15482864
X28: Own assumptions due to lack of data | Z28: [2] | AA28: Hörner, M., Bischof, J., 2022. Building typology of the non-residential building stock in Germany – methodology and first results.
X29: Interpolation | Z29: [3] | AA29: Schweizerischer Ingenieur- und Architektenverein (SIA), 2025. SIA 390/1:2025 Klimapfad - Treibhausgasbilanz über den Lebenszyklus von Gebäuden
Z30: [4] | AA30: Röck, M., Sørensen, A., Steinmann, J., Lynge, K., Horup, L.H., Tozan, B., Le Den, X., Birgisdottir, H., 2022. Towards embodied carbon benchmarks for buildings in Europe; Data source: https://github.com/mroeck/Embodied-Carbon-of-European-Buildings-Database
BJ158: A | BL158: B | BN158: C | BP158: D | BR158: E | BT158: F | BV158: G
BI159: Ideal long-term target | BK159: Medium-term target | BM159: Short-term target | BO159: Inter-polated value 1 | BQ159: Ref. value | BS159: Inter-polated value 2 | BU159: Limit value
BH162: =C13 -> Multi-family houses | BI162: ="op "&P13&CHAR(10)&"emb "&AH13&CHAR(10)&"wlc "&D13 -> op 0 emb 0 wlc 0 | BK162: ="op "&ROUNDUP(Q13,1)&CHAR(10)&"emb "&ROUNDUP(AI13,1)&CHAR(10)&"wlc "&ROUNDUP(E13,1) -> op 2.2 emb 5.4 wlc 7.6 | BM162: ="op "&ROUNDUP(R13,1)&CHAR(10)&"emb "&ROUNDUP(AJ13,1)&CHAR(10)&"wlc "&ROUNDUP(F13,1) -> op 3.3 emb 7.6 wlc 10.8 | BO162: ="op "&ROUNDUP(S13,1)&CHAR(10)&"emb "&ROUNDUP(AK13,1)&CHAR(10)&"wlc "&ROUNDUP(G13,1) -> op 14.9 emb 10.3 wlc 25.1 | BQ162: ="op "&ROUNDUP(T13,1)&CHAR(10)&"emb "&ROUNDUP(AL13,1)&CHAR(10)&"wlc "&ROUNDUP(H13,1) -> op 26.6 emb 12.9 wlc 39.4 | BS162: ="op "&ROUNDUP(U13,1)&CHAR(10)&"emb "&ROUNDUP(AM13,1)&CHAR(10)&"wlc "&ROUNDUP(I13,1) -> op 30.7 emb 16.3 wlc 46.9 | BU162: ="op "&ROUNDUP(V13,1)&CHAR(10)&"emb "&ROUNDUP(AN13,1)&CHAR(10)&"wlc "&ROUNDUP(J13,1) -> op 34.9 emb 19.6 wlc 54.5
BH163: =C12 -> Single- and two-family houses | BI163: ="op "&P12&CHAR(10)&"emb "&AH12&CHAR(10)&"wlc "&D12 -> op 0 emb 0 wlc 0 | BK163: ="op "&ROUNDUP(Q12,1)&CHAR(10)&"emb "&ROUNDUP(AI12,1)&CHAR(10)&"wlc "&ROUNDUP(E12,1) -> op 2.2 emb 5.4 wlc 7.6 | BM163: ="op "&ROUNDUP(R12,1)&CHAR(10)&"emb "&ROUNDUP(AJ12,1)&CHAR(10)&"wlc "&ROUNDUP(F12,1) -> op 3.3 emb 7.6 wlc 10.8 | BO163: ="op "&ROUNDUP(S12,1)&CHAR(10)&"emb "&ROUNDUP(AK12,1)&CHAR(10)&"wlc "&ROUNDUP(G12,1) -> op 18.7 emb 8.8 wlc 27.4 | BQ163: ="op "&ROUNDUP(T12,1)&CHAR(10)&"emb "&ROUNDUP(AL12,1)&CHAR(10)&"wlc "&ROUNDUP(H12,1) -> op 34.1 emb 10 wlc 44 | BS163: ="op "&ROUNDUP(U12,1)&CHAR(10)&"emb "&ROUNDUP(AM12,1)&CHAR(10)&"wlc "&ROUNDUP(I12,1) -> op 41.1 emb 11.6 wlc 52.7 | BU163: ="op "&ROUNDUP(V12,1)&CHAR(10)&"emb "&ROUNDUP(AN12,1)&CHAR(10)&"wlc "&ROUNDUP(J12,1) -> op 48.2 emb 13.3 wlc 61.4
BH164: =C21 -> Trade Buildings | BI164: ="op "&P21&CHAR(10)&"emb "&AH21&CHAR(10)&"wlc "&D21 -> op 0 emb 0 wlc 0 | BK164: ="op "&ROUNDUP(Q21,1)&CHAR(10)&"emb "&ROUNDUP(AI21,1)&CHAR(10)&"wlc "&ROUNDUP(E21,1) -> op 3.3 emb 5.4 wlc 8.7 | BM164: ="op "&ROUNDUP(R21,1)&CHAR(10)&"emb "&ROUNDUP(AJ21,1)&CHAR(10)&"wlc "&ROUNDUP(F21,1) -> op 6.5 emb 7.6 wlc 14.1 | BO164: ="op "&ROUNDUP(S21,1)&CHAR(10)&"emb "&ROUNDUP(AK21,1)&CHAR(10)&"wlc "&ROUNDUP(G21,1) -> op 24 emb 9.4 wlc 33.3 | BQ164: ="op "&ROUNDUP(T21,1)&CHAR(10)&"emb "&ROUNDUP(AL21,1)&CHAR(10)&"wlc "&ROUNDUP(H21,1) -> op 41.4 emb 11.1 wlc 52.5 | BS164: ="op "&ROUNDUP(U21,1)&CHAR(10)&"emb "&ROUNDUP(AM21,1)&CHAR(10)&"wlc "&ROUNDUP(I21,1) -> op 62.8 emb 12.5 wlc 75.2 | BU164: ="op "&ROUNDUP(V21,1)&CHAR(10)&"emb "&ROUNDUP(AN21,1)&CHAR(10)&"wlc "&ROUNDUP(J21,1) -> op 84.2 emb 13.9 wlc 98
BH165: =C14 -> Office, Administrative or Government Buildings | BI165: ="op "&P14&CHAR(10)&"emb "&AH14&CHAR(10)&"wlc "&D14 -> op 0 emb 0 wlc 0 | BK165: ="op "&ROUNDUP(Q14,1)&CHAR(10)&"emb "&ROUNDUP(AI14,1)&CHAR(10)&"wlc "&ROUNDUP(E14,1) -> op 3.3 emb 5.4 wlc 8.7 | BM165: ="op "&ROUNDUP(R14,1)&CHAR(10)&"emb "&ROUNDUP(AJ14,1)&CHAR(10)&"wlc "&ROUNDUP(F14,1) -> op 4.4 emb 7.6 wlc 11.9 | BO165: ="op "&ROUNDUP(S14,1)&CHAR(10)&"emb "&ROUNDUP(AK14,1)&CHAR(10)&"wlc "&ROUNDUP(G14,1) -> op 22 emb 9.6 wlc 31.5 | BQ165: ="op "&ROUNDUP(T14,1)&CHAR(10)&"emb "&ROUNDUP(AL14,1)&CHAR(10)&"wlc "&ROUNDUP(H14,1) -> op 39.6 emb 11.5 wlc 51 | BS165: ="op "&ROUNDUP(U14,1)&CHAR(10)&"emb "&ROUNDUP(AM14,1)&CHAR(10)&"wlc "&ROUNDUP(I14,1) -> op 60.3 emb 14.8 wlc 75 | BU165: ="op "&ROUNDUP(V14,1)&CHAR(10)&"emb "&ROUNDUP(AN14,1)&CHAR(10)&"wlc "&ROUNDUP(J14,1) -> op 81.1 emb 18 wlc 99.1
BH166: =C19 -> Sports Facilities | BI166: ="op "&P19&CHAR(10)&"emb "&AH19&CHAR(10)&"wlc "&D19 -> op 0 emb 0 wlc 0 | BK166: ="op "&ROUNDUP(Q19,1)&CHAR(10)&"emb "&ROUNDUP(AI19,1)&CHAR(10)&"wlc "&ROUNDUP(E19,1) -> op 2.6 emb 5.4 wlc 8 | BM166: ="op "&ROUNDUP(R19,1)&CHAR(10)&"emb "&ROUNDUP(AJ19,1)&CHAR(10)&"wlc "&ROUNDUP(F19,1) -> op 3.6 emb 7.6 wlc 11.2 | BO166: ="op "&ROUNDUP(S19,1)&CHAR(10)&"emb "&ROUNDUP(AK19,1)&CHAR(10)&"wlc "&ROUNDUP(G19,1) -> op 21.4 emb 11.7 wlc 33 | BQ166: ="op "&ROUNDUP(T19,1)&CHAR(10)&"emb "&ROUNDUP(AL19,1)&CHAR(10)&"wlc "&ROUNDUP(H19,1) -> op 39.2 emb 15.7 wlc 54.8 | BS166: ="op "&ROUNDUP(U19,1)&CHAR(10)&"emb "&ROUNDUP(AM19,1)&CHAR(10)&"wlc "&ROUNDUP(I19,1) -> op 59.2 emb 18 wlc 77.1 | BU166: ="op "&ROUNDUP(V19,1)&CHAR(10)&"emb "&ROUNDUP(AN19,1)&CHAR(10)&"wlc "&ROUNDUP(J19,1) -> op 79.3 emb 20.2 wlc 99.4
BH167: =C23 -> Technical and Utility Buildings (supply and disposal) | BI167: ="op "&P23&CHAR(10)&"emb "&AH23&CHAR(10)&"wlc "&D23 -> op 0 emb 0 wlc 0 | BK167: ="op "&ROUNDUP(Q23,1)&CHAR(10)&"emb "&ROUNDUP(AI23,1)&CHAR(10)&"wlc "&ROUNDUP(E23,1) -> op 3.3 emb 5.4 wlc 8.7 | BM167: ="op "&ROUNDUP(R23,1)&CHAR(10)&"emb "&ROUNDUP(AJ23,1)&CHAR(10)&"wlc "&ROUNDUP(F23,1) -> op 4.4 emb 7.6 wlc 11.9 | BO167: ="op "&ROUNDUP(S23,1)&CHAR(10)&"emb "&ROUNDUP(AK23,1)&CHAR(10)&"wlc "&ROUNDUP(G23,1) -> op 25.4 emb 9.4 wlc 34.7 | BQ167: ="op "&ROUNDUP(T23,1)&CHAR(10)&"emb "&ROUNDUP(AL23,1)&CHAR(10)&"wlc "&ROUNDUP(H23,1) -> op 46.4 emb 11.1 wlc 57.5 | BS167: ="op "&ROUNDUP(U23,1)&CHAR(10)&"emb "&ROUNDUP(AM23,1)&CHAR(10)&"wlc "&ROUNDUP(I23,1) -> op 68.3 emb 12.5 wlc 80.7 | BU167: ="op "&ROUNDUP(V23,1)&CHAR(10)&"emb "&ROUNDUP(AN23,1)&CHAR(10)&"wlc "&ROUNDUP(J23,1) -> op 90.1 emb 13.9 wlc 103.9
BH168: =C17 -> School, Day Nursery and other Care Buildings | BI168: ="op "&P17&CHAR(10)&"emb "&AH17&CHAR(10)&"wlc "&D17 -> op 0 emb 0 wlc 0 | BK168: ="op "&ROUNDUP(Q17,1)&CHAR(10)&"emb "&ROUNDUP(AI17,1)&CHAR(10)&"wlc "&ROUNDUP(E17,1) -> op 2.6 emb 5.4 wlc 8 | BM168: ="op "&ROUNDUP(R17,1)&CHAR(10)&"emb "&ROUNDUP(AJ17,1)&CHAR(10)&"wlc "&ROUNDUP(F17,1) -> op 3.6 emb 7.6 wlc 11.2 | BO168: ="op "&ROUNDUP(S17,1)&CHAR(10)&"emb "&ROUNDUP(AK17,1)&CHAR(10)&"wlc "&ROUNDUP(G17,1) -> op 24.5 emb 10.8 wlc 35.2 | BQ168: ="op "&ROUNDUP(T17,1)&CHAR(10)&"emb "&ROUNDUP(AL17,1)&CHAR(10)&"wlc "&ROUNDUP(H17,1) -> op 45.4 emb 13.9 wlc 59.2 | BS168: ="op "&ROUNDUP(U17,1)&CHAR(10)&"emb "&ROUNDUP(AM17,1)&CHAR(10)&"wlc "&ROUNDUP(I17,1) -> op 66.5 emb 20.4 wlc 86.8 | BU168: ="op "&ROUNDUP(V17,1)&CHAR(10)&"emb "&ROUNDUP(AN17,1)&CHAR(10)&"wlc "&ROUNDUP(J17,1) -> op 87.5 emb 26.9 wlc 114.4
BH169: =C24 -> Transport Buildings | BI169: ="op "&P24&CHAR(10)&"emb "&AH24&CHAR(10)&"wlc "&D24 -> op 0 emb 0 wlc 0 | BK169: ="op "&ROUNDUP(Q24,1)&CHAR(10)&"emb "&ROUNDUP(AI24,1)&CHAR(10)&"wlc "&ROUNDUP(E24,1) -> op 3.3 emb 5.4 wlc 8.7 | BM169: ="op "&ROUNDUP(R24,1)&CHAR(10)&"emb "&ROUNDUP(AJ24,1)&CHAR(10)&"wlc "&ROUNDUP(F24,1) -> op 4.4 emb 7.6 wlc 11.9 | BO169: ="op "&ROUNDUP(S24,1)&CHAR(10)&"emb "&ROUNDUP(AK24,1)&CHAR(10)&"wlc "&ROUNDUP(G24,1) -> op 25.2 emb 14.9 wlc 40.1 | BQ169: ="op "&ROUNDUP(T24,1)&CHAR(10)&"emb "&ROUNDUP(AL24,1)&CHAR(10)&"wlc "&ROUNDUP(H24,1) -> op 46 emb 22.2 wlc 68.2 | BS169: ="op "&ROUNDUP(U24,1)&CHAR(10)&"emb "&ROUNDUP(AM24,1)&CHAR(10)&"wlc "&ROUNDUP(I24,1) -> op 71 emb 24.9 wlc 95.8 | BU169: ="op "&ROUNDUP(V24,1)&CHAR(10)&"emb "&ROUNDUP(AN24,1)&CHAR(10)&"wlc "&ROUNDUP(J24,1) -> op 95.9 emb 27.7 wlc 123.5
BH170: =C16 -> Buildings for Health and Care | BI170: ="op "&P16&CHAR(10)&"emb "&AH16&CHAR(10)&"wlc "&D16 -> op 0 emb 0 wlc 0 | BK170: ="op "&ROUNDUP(Q16,1)&CHAR(10)&"emb "&ROUNDUP(AI16,1)&CHAR(10)&"wlc "&ROUNDUP(E16,1) -> op 6.5 emb 5.4 wlc 11.9 | BM170: ="op "&ROUNDUP(R16,1)&CHAR(10)&"emb "&ROUNDUP(AJ16,1)&CHAR(10)&"wlc "&ROUNDUP(F16,1) -> op 8.7 emb 7.6 wlc 16.2 | BO170: ="op "&ROUNDUP(S16,1)&CHAR(10)&"emb "&ROUNDUP(AK16,1)&CHAR(10)&"wlc "&ROUNDUP(G16,1) -> op 32.5 emb 11.6 wlc 44.1 | BQ170: ="op "&ROUNDUP(T16,1)&CHAR(10)&"emb "&ROUNDUP(AL16,1)&CHAR(10)&"wlc "&ROUNDUP(H16,1) -> op 56.4 emb 15.6 wlc 71.9 | BS170: ="op "&ROUNDUP(U16,1)&CHAR(10)&"emb "&ROUNDUP(AM16,1)&CHAR(10)&"wlc "&ROUNDUP(I16,1) -> op 86.5 emb 18.4 wlc 104.9 | BU170: ="op "&ROUNDUP(V16,1)&CHAR(10)&"emb "&ROUNDUP(AN16,1)&CHAR(10)&"wlc "&ROUNDUP(J16,1) -> op 116.6 emb 21.3 wlc 137.8
BH171: =C15 -> Buildings for Research and University Teaching | BI171: ="op "&P15&CHAR(10)&"emb "&AH15&CHAR(10)&"wlc "&D15 -> op 0 emb 0 wlc 0 | BK171: ="op "&ROUNDUP(Q15,1)&CHAR(10)&"emb "&ROUNDUP(AI15,1)&CHAR(10)&"wlc "&ROUNDUP(E15,1) -> op 2.7 emb 5.4 wlc 8.1 | BM171: ="op "&ROUNDUP(R15,1)&CHAR(10)&"emb "&ROUNDUP(AJ15,1)&CHAR(10)&"wlc "&ROUNDUP(F15,1) -> op 3.8 emb 7.6 wlc 11.4 | BO171: ="op "&ROUNDUP(S15,1)&CHAR(10)&"emb "&ROUNDUP(AK15,1)&CHAR(10)&"wlc "&ROUNDUP(G15,1) -> op 28.9 emb 10.2 wlc 39 | BQ171: ="op "&ROUNDUP(T15,1)&CHAR(10)&"emb "&ROUNDUP(AL15,1)&CHAR(10)&"wlc "&ROUNDUP(H15,1) -> op 54 emb 12.7 wlc 66.7 | BS171: ="op "&ROUNDUP(U15,1)&CHAR(10)&"emb "&ROUNDUP(AM15,1)&CHAR(10)&"wlc "&ROUNDUP(I15,1) -> op 87.5 emb 17.6 wlc 105.1 | BU171: ="op "&ROUNDUP(V15,1)&CHAR(10)&"emb "&ROUNDUP(AN15,1)&CHAR(10)&"wlc "&ROUNDUP(J15,1) -> op 121.1 emb 22.5 wlc 143.5
BH172: =C22 -> Production, Workshop, Warehouse or Operations | BI172: ="op "&P22&CHAR(10)&"emb "&AH22&CHAR(10)&"wlc "&D22 -> op 0 emb 0 wlc 0 | BK172: ="op "&ROUNDUP(Q22,1)&CHAR(10)&"emb "&ROUNDUP(AI22,1)&CHAR(10)&"wlc "&ROUNDUP(E22,1) -> op 3.3 emb 5.4 wlc 8.7 | BM172: ="op "&ROUNDUP(R22,1)&CHAR(10)&"emb "&ROUNDUP(AJ22,1)&CHAR(10)&"wlc "&ROUNDUP(F22,1) -> op 4.4 emb 7.6 wlc 11.9 | BO172: ="op "&ROUNDUP(S22,1)&CHAR(10)&"emb "&ROUNDUP(AK22,1)&CHAR(10)&"wlc "&ROUNDUP(G22,1) -> op 35.5 emb 9.4 wlc 44.8 | BQ172: ="op "&ROUNDUP(T22,1)&CHAR(10)&"emb "&ROUNDUP(AL22,1)&CHAR(10)&"wlc "&ROUNDUP(H22,1) -> op 66.6 emb 11.1 wlc 77.7 | BS172: ="op "&ROUNDUP(U22,1)&CHAR(10)&"emb "&ROUNDUP(AM22,1)&CHAR(10)&"wlc "&ROUNDUP(I22,1) -> op 114.1 emb 12.5 wlc 126.6 | BU172: ="op "&ROUNDUP(V22,1)&CHAR(10)&"emb "&ROUNDUP(AN22,1)&CHAR(10)&"wlc "&ROUNDUP(J22,1) -> op 161.7 emb 13.9 wlc 175.5
BH173: =C20 -> Hotels, Boarding, Restaurants or Catering | BI173: ="op "&P20&CHAR(10)&"emb "&AH20&CHAR(10)&"wlc "&D20 -> op 0 emb 0 wlc 0 | BK173: ="op "&ROUNDUP(Q20,1)&CHAR(10)&"emb "&ROUNDUP(AI20,1)&CHAR(10)&"wlc "&ROUNDUP(E20,1) -> op 6.5 emb 5.4 wlc 11.9 | BM173: ="op "&ROUNDUP(R20,1)&CHAR(10)&"emb "&ROUNDUP(AJ20,1)&CHAR(10)&"wlc "&ROUNDUP(F20,1) -> op 8.7 emb 7.6 wlc 16.2 | BO173: ="op "&ROUNDUP(S20,1)&CHAR(10)&"emb "&ROUNDUP(AK20,1)&CHAR(10)&"wlc "&ROUNDUP(G20,1) -> op 37.4 emb 11.6 wlc 48.9 | BQ173: ="op "&ROUNDUP(T20,1)&CHAR(10)&"emb "&ROUNDUP(AL20,1)&CHAR(10)&"wlc "&ROUNDUP(H20,1) -> op 66 emb 15.6 wlc 81.6 | BS173: ="op "&ROUNDUP(U20,1)&CHAR(10)&"emb "&ROUNDUP(AM20,1)&CHAR(10)&"wlc "&ROUNDUP(I20,1) -> op 113.1 emb 18.4 wlc 131.5 | BU173: ="op "&ROUNDUP(V20,1)&CHAR(10)&"emb "&ROUNDUP(AN20,1)&CHAR(10)&"wlc "&ROUNDUP(J20,1) -> op 160.2 emb 21.3 wlc 181.4
BH174: =C18 -> Buildings for Culture and Leisure | BI174: ="op "&P18&CHAR(10)&"emb "&AH18&CHAR(10)&"wlc "&D18 -> op 0 emb 0 wlc 0 | BK174: ="op "&ROUNDUP(Q18,1)&CHAR(10)&"emb "&ROUNDUP(AI18,1)&CHAR(10)&"wlc "&ROUNDUP(E18,1) -> op 2.6 emb 5.4 wlc 8 | BM174: ="op "&ROUNDUP(R18,1)&CHAR(10)&"emb "&ROUNDUP(AJ18,1)&CHAR(10)&"wlc "&ROUNDUP(F18,1) -> op 3.6 emb 7.6 wlc 11.2 | BO174: ="op "&ROUNDUP(S18,1)&CHAR(10)&"emb "&ROUNDUP(AK18,1)&CHAR(10)&"wlc "&ROUNDUP(G18,1) -> op 32.2 emb 10.8 wlc 42.9 | BQ174: ="op "&ROUNDUP(T18,1)&CHAR(10)&"emb "&ROUNDUP(AL18,1)&CHAR(10)&"wlc "&ROUNDUP(H18,1) -> op 60.7 emb 13.9 wlc 74.5 | BS174: ="op "&ROUNDUP(U18,1)&CHAR(10)&"emb "&ROUNDUP(AM18,1)&CHAR(10)&"wlc "&ROUNDUP(I18,1) -> op 114 emb 20.4 wlc 134.3 | BU174: ="op "&ROUNDUP(V18,1)&CHAR(10)&"emb "&ROUNDUP(AN18,1)&CHAR(10)&"wlc "&ROUNDUP(J18,1) -> op 167.3 emb 26.9 wlc 194.1

Sheet targets
A1: Target values - averaged for new constructions and renovations | D1: 50 years reference study period
D2: GHG [kg/mGFA²a]
A4: Building type (German) | B4: Building type (English, translated) | C4: Ambition level | D4: embodied | E4: operational | F4: WLC
A5: Wohnen | B5: Residential | C5: Basic | D5: 7.56 | E5: 3.24 | F5: 10.8
C6: Ambitious | D6: 5.4 | E6: 2.16 | F6: 7.56
A7: Büro | B7: Office | C7: Basic | D7: 7.56 | E7: 4.32 | F7: 11.88
C8: Ambitious | D8: 5.4 | E8: 3.24 | F8: 8.64
A9: Volksschule | B9: Primary school | C9: Basic | D9: 7.56 | E9: 3.24 | F9: 10.8
C10: Ambitious | D10: 5.4 | E10: 2.16 | F10: 7.56
A11: Mittelschule | B11: Middle school | C11: Basic | D11: 7.56 | E11: 3.24 | F11: 10.8
C12: Ambitious | D12: 5.4 | E12: 2.16 | F12: 7.56
A13: Hochschule | B13: University / College | C13: Basic | D13: 7.56 | E13: 4.32 | F13: 11.88
C14: Ambitious | D14: 5.4 | E14: 3.24 | F14: 8.64
A15: Fachgeschäft | B15: Store | C15: Basic | D15: 7.56 | E15: 6.48 | F15: 14.04
C16: Ambitious | D16: 5.4 | E16: 3.24 | F16: 8.64
A17: Lebensmittelverkauf | B17: Food retail | C17: Basic | D17: 7.56 | E17: 30.24 | F17: 37.8
C18: Ambitious | D18: 5.4 | E18: 18.36 | F18: 23.76
A19: Restaurant | B19: Restaurant | C19: Basic | D19: 7.56 | E19: 8.64 | F19: 16.2
C20: Ambitious | D20: 5.4 | E20: 6.48 | F20: 11.88
A23: Reference: Schweizerischer Ingenieur- und Architektenverein (SIA), 2025. SIA 390/1:2025 Klimapfad - Treibhausgasbilanz über den Lebenszyklus von Gebäuden

Sheet op_non-res
A1: GWP B6 in kg CO2eq /m2 * a
A2: Reference floor area: gross floor area
A3: hk_geb_BE_short | B3: mean | C3: median | D3: min | E3: max | F3: max_without_outliers | G3: full_name
A4: BHRC | B4: 76.105318 | C4: 65.990408 | D4: 8.8903653 | E4: 304.5141 | F4: 160.11653 | G4: Beherbergungs- oder Unterbringungsgebäude, Gastronomie- oder Verpflegungsgebäude
A5: CuLe | B5: 71.519158 | C5: 60.610761 | D5: 11.67956 | E5: 254.06386 | F5: 167.2443 | G5: Gebäude für Kultur und Freizeit
A6: HC | B6: 60.999745 | C6: 56.327656 | D6: 9.7257692 | E6: 168.45714 | F6: 116.57096 | G6: Gebäude für Gesundheit und Pflege
A7: OAGB | B7: 43.868052 | C7: 39.524125 | D7: 9.386081 | E7: 298.30642 | F7: 81.00864 | G7: Büro-, Verwaltungs- oder Amtsgebäude
A8: PWWO | B8: 66.366626 | C8: 66.572027 | D8: 7.0422524 | E8: 406.91835 | F8: 161.60142 | G8: Produktions-, Werkstatt-, Lager- oder Betriebsgebäude
A9: RaUT | B9: 58.397091 | C9: 53.958179 | D9: 14.325472 | E9: 159.93077 | F9: 121.01163 | G9: Gebäude für Forschung und Hochschullehre
A10: SF | B10: 43.384351 | C10: 39.116877 | D10: 8.0139681 | E10: 183.02082 | F10: 79.220521 | G10: Sportgebäude
A11: Sch | B11: 47.649516 | C11: 45.328114 | D11: 6.9584236 | E11: 146.80603 | F11: 87.485916 | G11: Schule, Kindertagesstätte und sonstiges Betreuungsgebäude
A12: TU | B12: 53.483973 | C12: 46.344433 | D12: 14.740816 | E12: 186.93969 | F12: 90.078222 | G12: Technikgebäude (Ver- und Entsorgung)
A13: Trade | B13: 46.034674 | C13: 41.389914 | D13: 9.0661673 | E13: 198.87571 | F13: 84.103043 | G13: Handelsgebäude
A14: Trans | B14: 50.998498 | C14: 45.985702 | D14: 14.513717 | E14: 121.61701 | F14: 95.823478 | G14: Verkehrsgebäude
A17: Reference: Hörner, M., Bischof, J., 2022. Building typology of the non-residential building stock in Germany – methodology and first results.

Sheet op_res
H2: SFH | I2: MFH | P2: Useful heat requirements
H3: all building age classes | P3: Heating | Q3: DHW | R3: auxiliary electricity | S3: Heating + DHW | T3: Final energy heating oil Heating + DHW | U3: GHG emissions
B4: Basic model 2025 | N4: Basic model 2025 | P4: kWh/(m²a) | Q4: kWh/(m²a) | R4: kWh/(m²a) | S4: Useful energy | T4: kWh/(m²a) | U4: kg/mWfl² | V4: kg/mAcref² | W4: kg/mBGF²
B5: Basic data residential building stockj | C5: Grunddaten Gesamtbestand | D5: Grunddaten Gesamtbestand | E5: Grunddaten Gesamtbestand | F5: Grunddaten Gesamtbestand | N5: SFH | O5: until 1978 | P5: 179.84388 | Q5: 11 | R5: 5.2667883 | S5: =P5+Q5 -> 190.84388 | T5: =S5/C$36 -> 194.73865 | U5: =T5*$C$30/1000+R5*C$34/1000 -> 62.296626 | V5: =U5/1.1 -> 56.633297 | W5: =V5*0.85 -> 48.138302
B6: Total living floor area | G6: 10^6 m² | H6: 2377.0679 | I6: 1682.8586 | O6: 1979 – 2001 | P6: 133.63285 | Q6: 11 | R6: 5.1259156 | S6: =P6+Q6 -> 144.63285 | T6: =S6/C$36 -> 147.58454 | U6: =T6*$C$30/1000+R6*C$34/1000 -> 47.627293 | V6: =U6/1.1 -> 43.297539 | W6: =V6*0.85 -> 36.802908
B7: Final energy heating + DHW based on living floor area | C7: Bilanzmodell: Endenergie Heizung gesamt | D7: Bilanzmodell: Endenergie Heizung gesamt | E7: Bilanzmodell: Endenergie Heizung gesamt | F7: Bilanzmodell: Endenergie Heizung gesamt | O7: 2002 – 2025 | P7: 69.5812 | Q7: 11 | R7: 4.7913834 | S7: =P7+Q7 -> 80.5812 | T7: =S7/C$36 -> 82.225715 | U7: =T7*$C$30/1000+R7*C$34/1000 -> 27.243618 | V7: =U7/1.1 -> 24.766925 | W7: =V7*0.85 -> 21.051887
B8: Gas | G8: kWh/(m²a) | H8: 96.839722 | I8: 88.514528 | N8: MFH | O8: until 1978 | P8: 123.39746 | Q8: 16.5 | R8: 2.1990697 | S8: =P8+Q8 -> 139.89746 | T8: =S8/C$36 -> 142.75251 | U8: =T8*$C$30/1000+R8*C$34/1000 -> 45.058138 | V8: =U8/1.1 -> 40.961944 | W8: =V8*0.85 -> 34.817652
B9: Oil | G9: kWh/(m²a) | H9: 48.634105 | I9: 20.899146 | O9: 1979 – 2001 | P9: 111.92892 | Q9: 16.5 | R9: 2.456088 | S9: =P9+Q9 -> 128.42892 | T9: =S9/C$36 -> 131.04991 | U9: =T9*$C$30/1000+R9*C$34/1000 -> 41.524401 | V9: =U9/1.1 -> 37.749456 | W9: =V9*0.85 -> 32.087037
B10: Coal | G10: kWh/(m²a) | H10: 1.7292513 | I10: 0.077426108 | O10: 2002 – 2025 | P10: 56.302406 | Q10: 16.5 | R10: 2.6120983 | S10: =P10+Q10 -> 72.802406 | T10: =S10/C$36 -> 74.288169 | U10: =T10*$C$30/1000+R10*C$34/1000 -> 23.98536 | V10: =U10/1.1 -> 21.804873 | W10: =V10*0.85 -> 18.534142
B11: Biomass | G11: kWh/(m²a) | H11: 34.548563 | I11: 5.8381375
B12: District heat | G12: kWh/(m²a) | H12: 7.1651884 | I12: 27.039401
B13: Electricity | G13: kWh/(m²a) | H13: 13.095304 | I13: 10.244046
B14: Sum final energy | G14: kWh/(m²a) | H14: 202.01213 | I14: 152.61269
G16: kg CO2-eq./(m²a) | H16: 20.678864 | I16: 18.901127
G17: kg CO2-eq./(m²a) | H17: 14.217208 | I17: 6.1094474
G18: kg CO2-eq./(m²a) | H18: 0.72434879 | I18: 0.032432248
G19: kg CO2-eq./(m²a) | H19: 0.54386348 | I19: 0.091903961
G20: kg CO2-eq./(m²a) | H20: 1.2037516 | I20: 4.5426194
G21: kg CO2-eq./(m²a) | H21: 4.7928812 | I21: 3.749321
F22: Heating +DHW | G22: kg CO2-eq./(m²a) | H22: 42.160917 | I22: 33.426851
F23: Electricity | G23: kg CO2-eq./(m²a) | H23: =AVERAGE(R5:R7)*C34/1000 -> 1.8524586 | I23: =AVERAGE(R8:R10)*C34/1000 -> 0.88660523
F24: Total per living floor area | G24: kg CO2-eq./(m²a) | H24: =H22+H23 -> 44.013376 | I24: =I22+I23 -> 34.313456
F25: Total per reference area Acref | G25: kg CO2-eq./(m²a) | H25: =H24/1.1 -> 40.01216 | I25: =I24/1.1 -> 31.194051
F26: Total per gross floor area | G26: kg CO2-eq./(m²a) | H26: =H25*0.85 -> 34.010336 | I26: =I25*0.85 -> 26.514943
C28: GHG-emission factors [g CO2-eq./kWhfinal]
B29: gas | C29: 237
B30: oil | C30: 310
B31: coal | C31: 448
B32: wood pellets | C32: 17
B33: district heat | C33: 168
B34: electricity | C34: 366
B36: Annual efficiency oil boiler | C36: 0.98
B40: Reference: Stein, B., Loga, T., Müller, A., 2025. Repräsentative Typgebäude als Erweiterung der deutschen Wohngebäudetypologie. Schlussbericht. Zenodo. https://doi.org/10.5281/ZENODO.15482864

Sheet emb_res_non-res
A1: Reference: Röck, M., Sørensen, A., Steinmann, J., Lynge, K., Horup, L.H., Tozan, B., Le Den, X., Birgisdottir, H., 2022. Towards embodied carbon benchmarks for buildings in Europe; Data source: https://github.com/mroeck/Embodied-Carbon-of-European-Buildings-Database
A4: Röck et al -Towards embodied carbon benchmarks for buildings in Europe | C4: kgCO2eq/m² | G4: kgCO2eq/m²a (50 years) | J4: Remarks
C5: Minimum | D5: Median | E5: Average | F5: Maximum | G5: Minimum | H5: Average | I5: Maximum | L5: n
A6: WG | B6: Single family house | C6: 425.5 | D6: 591.13443 | E6: 588.97248 | F6: 761.971 | G6: =C6/50 -> 8.51 | H6: =E6/50 -> 11.77945 | I6: =F6/50 -> 15.23942 | L6: 382
B7: Multi-family house | C7: 228.50747 | D7: 649.59988 | E7: 642.76818 | F7: 979.9622 | G7: =C7/50 -> 4.5701493 | H7: =E7/50 -> 12.855364 | I7: =F7/50 -> 19.599244 | L7: 193
B8: Row house | C8: 220 | D8: 361.53147 | E8: 397.63089 | F8: 589.12645 | G8: =C8/50 -> 4.4 | H8: =E8/50 -> 7.9526177 | I8: =F8/50 -> 11.782529 | L8: 40
B9: semi-detached | C9: 370.01868 | D9: 535.40115 | E9: 502.89978 | F9: 629.42963 | G9: =C9/50 -> 7.4003736 | H9: =E9/50 -> 10.057996 | I9: =F9/50 -> 12.588593 | L9: 19
A10: NWG | B10: Office | C10: 106.87967 | D10: 426.71363 | E10: 573.46515 | F10: 899.65073 | G10: =C10/50 -> 2.1375935 | H10: =E10/50 -> 11.469303 | I10: =F10/50 -> 17.993015 | L10: 57
B11: Hospital and health | C11: 305.5 | D11: 969.92689 | E11: 778.48776 | F11: 1060.0364 | G11: =C11/50 -> 6.11 | H11: =E11/50 -> 15.569755 | I11: =F11/50 -> 21.200727 | J11: few data available | L11: 3
B12: School and daycare | C12: 264.69303 | D12: 477 | E12: 693.14127 | F12: 1341.408 | G12: =C12/50 -> 5.2938605 | H12: =E12/50 -> 13.862825 | I12: =F12/50 -> 26.82816 | L12: 25
B13: Sport and entertainment | C13: 556.7745 | D13: 782.7549 | E13: 782.7549 | F13: 1008.7353 | G13: =C13/50 -> 11.13549 | H13: =E13/50 -> 15.655098 | I13: =F13/50 -> 20.174706 | J13: few data available | L13: 2
B14: Hotel and resort | C14: 301.82923 | D14: 331.37734 | E14: 347.55331 | F14: 409.45336 | G14: =C14/50 -> 6.0365847 | H14: =E14/50 -> 6.9510662 | I14: =F14/50 -> 8.1890672 | J14: few data available | L14: 3
B15: Retail and restaurant | C15: 390.70174 | D15: 590.9785 | E15: 553.62137 | F15: 690.17645 | G15: =C15/50 -> 7.8140348 | H15: =E15/50 -> 11.072427 | I15: =F15/50 -> 13.803529 | L15: 13
B16: Art and culture | C16: 348 | D16: 457.5 | E16: 445.5 | F16: 489 | G16: =C16/50 -> 6.96 | H16: =E16/50 -> 8.91 | I16: =F16/50 -> 9.78 | J16: few data available | L16: 1
B17: Mixed use | C17: 810 | D17: 810 | E17: 810 | F17: 810 | G17: =C17/50 -> 16.2 | H17: =E17/50 -> 16.2 | I17: =F17/50 -> 16.2 | J17: few data available | L17: 1
B18: Other | C18: 314.5 | D18: 365 | E18: 380.76225 | F18: 490 | G18: =C18/50 -> 6.29 | H18: =E18/50 -> 7.6152451 | I18: =F18/50 -> 9.8 | J18: few data available | L18: 5
A21: Harmonized means | B21: kgCO2eq/m² | C21: kgCO2eq/m²a (50 years)
A22: alle NWG | B22: 819.8 | C22: =B22/50 -> 16.396
A23: alle WG | B23: 618.19 | C23: =B23/50 -> 12.3638
A53: Raw data
D54: median
A55: bldg_use_subtype | B55: count | C55: min_whisker | D55: 0.5 | E55: mean | F55: max_whisker | G55: 0.25 | H55: 0.75
A56: Art & Culture | B56: 1 | C56: 368.92603 | D56: 368.92603 | E56: 368.92603 | F56: 368.92603 | G56: 368.92603 | H56: 368.92603
A57: Hospital and Health | B57: 3 | C57: 305.5 | D57: 969.92689 | E57: 778.48776 | F57: 1060.0364 | G57: 637.71345 | H57: 1014.9816
A58: Hotel & Resort | B58: 3 | C58: 301.82923 | D58: 331.37734 | E58: 347.55331 | F58: 409.45336 | G58: 316.60329 | H58: 370.41535
A59: Mixed use | B59: 1 | C59: 810 | D59: 810 | E59: 810 | F59: 810 | G59: 810 | H59: 810
A60: Multi-family house | B60: 193 | C60: 228.50747 | D60: 649.59988 | E60: 642.76818 | F60: 979.9622 | G60: 501.88704 | H60: 763.68373
A61: Office | B61: 57 | C61: 106.87967 | D61: 426.71363 | E61: 573.46515 | F61: 899.65073 | G61: 330.59104 | H61: 559
A62: Other | B62: 5 | C62: 314.5 | D62: 365 | E62: 380.76225 | F62: 490 | G62: 329.81127 | H62: 404.5
A63: Retail and Restaurant | B63: 13 | C63: 390.70174 | D63: 590.9785 | E63: 553.62137 | F63: 690.17645 | G63: 511 | H63: 618.7984
A64: Row house | B64: 40 | C64: 220 | D64: 361.53147 | E64: 397.63089 | F64: 589.12645 | G64: 303.13485 | H64: 525.86609
A65: School and Daycare | B65: 25 | C65: 264.69303 | D65: 477 | E65: 693.14127 | F65: 1341.408 | G65: 419.5 | H65: 930.11538
A66: Semi-detached | B66: 19 | C66: 370.01868 | D66: 535.40115 | E66: 502.89978 | F66: 629.42963 | G66: 411.70235 | H66: 567.27259
A67: Single family house | B67: 382 | C67: 425.5 | D67: 591.13443 | E67: 588.97248 | F67: 761.971 | G67: 548.98451 | H67: 634.66584
A68: Sport & Entertainment | B68: 2 | C68: 556.7745 | D68: 782.7549 | E68: 782.7549 | F68: 1008.7353 | G68: 669.7647 | H68: 895.74509

Sheet Abbildung
